{"sums": {"1": 19283.188000000016, "2": 8312.661000000011, "3": 2395.8969999999695, "4": 1195.3199999999977, "5": 14825.941999999925, "6": 17793.91399999997}, "counts": {"1": 9723, "2": 3956, "3": 2901, "4": 1391, "5": 7127, "6": 8177}, "averages": {"1": 1.9832549624601477, "2": 2.1012793225480313, "3": 0.8258865908307375, "4": 0.8593242271746928, "5": 2.0802500350778623, "6": 2.1760931882108316}}