{"sums": {"1": 19055.505000000096, "2": 8197.572000000015, "3": 2389.7549999999706, "4": 1196.9409999999978, "5": 14678.084000000008, "6": 17605.40599999998}, "counts": {"1": 9721, "2": 3952, "3": 2910, "4": 1393, "5": 7123, "6": 8176}, "averages": {"1": 1.9602412303261079, "2": 2.0742844129554694, "3": 0.8212216494845259, "4": 0.8592541277817644, "5": 2.0606603959006047, "6": 2.1533030821917785}}