{"sums": {"1": 19268.051000000003, "2": 8304.940000000015, "3": 2397.5879999999693, "4": 1195.5199999999977, "5": 14817.08499999993, "6": 17778.10199999997}, "counts": {"1": 9724, "2": 3956, "3": 2904, "4": 1391, "5": 7127, "6": 8177}, "averages": {"1": 1.981494343891403, "2": 2.0993276036400443, "3": 0.8256157024793283, "4": 0.8594680086268854, "5": 2.0790072961975485, "6": 2.17415947168888}}