{"sums": {"1": 18958.09300000007, "2": 8145.543000000014, "3": 2375.4389999999667, "4": 1197.7029999999982, "5": 14595.09899999999, "6": 17508.592999999946}, "counts": {"1": 9723, "2": 3952, "3": 2902, "4": 1394, "5": 7122, "6": 8177}, "averages": {"1": 1.9498192944564507, "2": 2.061119180161947, "3": 0.8185523776705605, "4": 0.8591843615494965, "5": 2.049297809604042, "6": 2.1412000733765373}}