{"sums": {"1": 18980.573000000095, "2": 8159.090000000014, "3": 2380.1079999999674, "4": 1196.8229999999983, "5": 14616.220000000005, "6": 17529.821999999953}, "counts": {"1": 9722, "2": 3952, "3": 2904, "4": 1393, "5": 7123, "6": 8177}, "averages": {"1": 1.9523321333059138, "2": 2.0645470647773316, "3": 0.8195964187327711, "4": 0.8591694185211761, "5": 2.051975291309842, "6": 2.143796257796252}}