{"sums": {"1": 18850.49300000007, "2": 8091.912000000006, "3": 2368.979999999966, "4": 1198.381999999999, "5": 14506.334000000012, "6": 17399.817999999992}, "counts": {"1": 9724, "2": 3950, "3": 2903, "4": 1394, "5": 7123, "6": 8175}, "averages": {"1": 1.938553373097498, "2": 2.0485853164556977, "3": 0.8160454702032263, "4": 0.8596714490674311, "5": 2.0365483644531817, "6": 2.1284181039755343}}