{"sums": {"1": 18791.971000000067, "2": 8076.717999999999, "3": 2362.9809999999666, "4": 1198.427999999999, "5": 14451.53200000005, "6": 17341.715000000026}, "counts": {"1": 9721, "2": 3949, "3": 2899, "4": 1394, "5": 7120, "6": 8173}, "averages": {"1": 1.9331314679559786, "2": 2.045256520638136, "3": 0.8151021041738415, "4": 0.8597044476327109, "5": 2.029709550561805, "6": 2.1218298054569957}}