{"sums": {"1": 19056.344000000096, "2": 8197.785000000014, "3": 2389.7549999999706, "4": 1196.9409999999978, "5": 14678.569000000005, "6": 17605.959999999985}, "counts": {"1": 9721, "2": 3952, "3": 2910, "4": 1393, "5": 7123, "6": 8176}, "averages": {"1": 1.9603275383191128, "2": 2.074338309716603, "3": 0.8212216494845259, "4": 0.8592541277817644, "5": 2.0607284851888257, "6": 2.153370841487278}}