{"sums": {"1": 19064.143000000087, "2": 8201.390000000016, "3": 2392.7239999999697, "4": 1196.9119999999978, "5": 14683.302000000007, "6": 17611.717999999986}, "counts": {"1": 9721, "2": 3952, "3": 2912, "4": 1393, "5": 7123, "6": 8176}, "averages": {"1": 1.961129822034779, "2": 2.0752505060728783, "3": 0.8216771978021874, "4": 0.8592333094041621, "5": 2.061392952407694, "6": 2.1540750978473566}}