{"sums": {"1": 19279.20200000001, "2": 8311.317000000014, "3": 2395.6969999999696, "4": 1195.3199999999977, "5": 14823.688999999924, "6": 17791.23399999997}, "counts": {"1": 9723, "2": 3956, "3": 2901, "4": 1391, "5": 7127, "6": 8177}, "averages": {"1": 1.9828450066851804, "2": 2.100939585439842, "3": 0.8258176490865115, "4": 0.8593242271746928, "5": 2.0799339132874874, "6": 2.175765439647789}}