{"sums": {"1": 19273.017000000003, "2": 8308.274000000014, "3": 2396.7599999999698, "4": 1195.3199999999977, "5": 14820.983999999933, "6": 17782.93899999997}, "counts": {"1": 9724, "2": 3956, "3": 2903, "4": 1391, "5": 7128, "6": 8177}, "averages": {"1": 1.9820050390785688, "2": 2.1001703741152715, "3": 0.8256148811574129, "4": 0.8593242271746928, "5": 2.079262626262617, "6": 2.1747510089274757}}