{"sums": {"1": 19260.174000000006, "2": 8293.967000000017, "3": 2401.257999999969, "4": 1195.5199999999977, "5": 14806.732999999931, "6": 17774.273999999972}, "counts": {"1": 9722, "2": 3952, "3": 2907, "4": 1391, "5": 7123, "6": 8177}, "averages": {"1": 1.9810917506685874, "2": 2.098675860323891, "3": 0.8260261437908389, "4": 0.8594680086268854, "5": 2.078721465674566, "6": 2.173691329338385}}