{"sums": {"1": 18916.829000000074, "2": 8122.353000000005, "3": 2371.810999999968, "4": 1197.8279999999984, "5": 14558.886999999997, "6": 17469.194999999992}, "counts": {"1": 9724, "2": 3951, "3": 2902, "4": 1394, "5": 7122, "6": 8178}, "averages": {"1": 1.945375257095853, "2": 2.0557714502657567, "3": 0.817302205375592, "4": 0.8592740315638439, "5": 2.044213282785734, "6": 2.1361206896551717}}