{"sums": {"1": 18787.26000000006, "2": 8072.885999999999, "3": 2360.8769999999668, "4": 1198.427999999999, "5": 14451.228000000045, "6": 17337.137000000024}, "counts": {"1": 9720, "2": 3949, "3": 2897, "4": 1394, "5": 7121, "6": 8172}, "averages": {"1": 1.9328456790123518, "2": 2.0442861483919974, "3": 0.8149385571280521, "4": 0.8597044476327109, "5": 2.029381828394895, "6": 2.121529246206562}}