{"sums": {"1": 18785.705000000056, "2": 8071.869999999998, "3": 2360.844999999967, "4": 1198.427999999999, "5": 14450.187000000036, "6": 17334.852000000028}, "counts": {"1": 9720, "2": 3949, "3": 2897, "4": 1394, "5": 7121, "6": 8172}, "averages": {"1": 1.9326856995884831, "2": 2.0440288680678647, "3": 0.8149275112184905, "4": 0.8597044476327109, "5": 2.029235641061654, "6": 2.121249632892808}}