{"sums": {"1": 18813.18500000003, "2": 8087.966000000001, "3": 2364.663999999967, "4": 1198.427999999999, "5": 14468.481000000047, "6": 17359.046000000024}, "counts": {"1": 9722, "2": 3950, "3": 2900, "4": 1394, "5": 7121, "6": 8173}, "averages": {"1": 1.9351146883357364, "2": 2.0475863291139245, "3": 0.8154013793103334, "4": 0.8597044476327109, "5": 2.031804662266542, "6": 2.123950324238349}}