{"sums": {"1": 18810.73100000004, "2": 8086.705000000002, "3": 2363.7259999999665, "4": 1198.427999999999, "5": 14465.794000000049, "6": 17356.425000000032}, "counts": {"1": 9722, "2": 3950, "3": 2899, "4": 1394, "5": 7121, "6": 8173}, "averages": {"1": 1.93486227113763, "2": 2.047267088607595, "3": 0.8153590893411405, "4": 0.8597044476327109, "5": 2.0314273276225316, "6": 2.123629634161267}}