{"sums": {"1": 19043.047000000126, "2": 8187.3990000000185, "3": 2384.9289999999705, "4": 1196.9349999999977, "5": 14657.345999999996, "6": 17579.266999999934}, "counts": {"1": 9722, "2": 3952, "3": 2904, "4": 1393, "5": 7122, "6": 8174}, "averages": {"1": 1.9587581773297804, "2": 2.071710273279357, "3": 0.8212565426997144, "4": 0.8592498205312259, "5": 2.058037910699241, "6": 2.150632126253968}}