{"sums": {"1": 18734.433000000052, "2": 8059.55699999999, "3": 2360.344999999966, "4": 1198.2809999999988, "5": 14414.570000000036, "6": 17298.458000000028}, "counts": {"1": 9720, "2": 3951, "3": 2897, "4": 1394, "5": 7122, "6": 8176}, "averages": {"1": 1.9274108024691412, "2": 2.039877752467727, "3": 0.81475491888159, "4": 0.8595989956958384, "5": 2.0239497332210106, "6": 2.1157605185910016}}