{"sums": {"1": 18872.088000000076, "2": 8097.352000000006, "3": 2369.239999999967, "4": 1198.2289999999987, "5": 14525.202000000003, "6": 17420.692000000006}, "counts": {"1": 9724, "2": 3950, "3": 2902, "4": 1394, "5": 7123, "6": 8175}, "averages": {"1": 1.940774167009469, "2": 2.0499625316455714, "3": 0.816416264645061, "4": 0.85956169296987, "5": 2.0391972483504146, "6": 2.1309714984709487}}