{"sums": {"1": 19030.077000000096, "2": 8179.121000000015, "3": 2382.4449999999692, "4": 1196.9349999999977, "5": 14648.32800000001, "6": 17567.362999999943}, "counts": {"1": 9723, "2": 3952, "3": 2904, "4": 1393, "5": 7122, "6": 8175}, "averages": {"1": 1.9572227707497785, "2": 2.0696156376518258, "3": 0.8204011707988875, "4": 0.8592498205312259, "5": 2.0567716933445674, "6": 2.14891290519877}}