{"sums": {"1": 19270.678, "2": 8306.325000000015, "3": 2397.6989999999696, "4": 1195.5199999999977, "5": 14818.153999999931, "6": 17781.013999999974}, "counts": {"1": 9724, "2": 3956, "3": 2904, "4": 1391, "5": 7127, "6": 8177}, "averages": {"1": 1.9817645002056767, "2": 2.099677704752279, "3": 0.8256539256198242, "4": 0.8594680086268854, "5": 2.0791572891819743, "6": 2.1745155925155895}}