{"sums": {"1": 19282.60700000002, "2": 8312.502000000011, "3": 2395.8169999999695, "4": 1195.3199999999977, "5": 14825.617999999928, "6": 17793.58599999997}, "counts": {"1": 9723, "2": 3956, "3": 2901, "4": 1391, "5": 7127, "6": 8177}, "averages": {"1": 1.9831952072405659, "2": 2.1012391304347853, "3": 0.8258590141330471, "4": 0.8593242271746928, "5": 2.080204574154613, "6": 2.176053075700131}}