{"sums": {"1": 18886.685000000074, "2": 8107.586000000006, "3": 2370.6849999999667, "4": 1197.3349999999982, "5": 14534.242999999991, "6": 17433.417999999998}, "counts": {"1": 9724, "2": 3951, "3": 2903, "4": 1393, "5": 7122, "6": 8175}, "averages": {"1": 1.9422752982311882, "2": 2.052033915464441, "3": 0.8166327936617178, "4": 0.8595369705671201, "5": 2.0407530188149385, "6": 2.1325281957186544}}