{"sums": {"1": 19397.61799999999, "2": 8337.309000000016, "3": 2408.9139999999666, "4": 1194.4839999999976, "5": 14872.664999999959, "6": 17848.654999999984}, "counts": {"1": 9722, "2": 3956, "3": 2897, "4": 1390, "5": 7127, "6": 8176}, "averages": {"1": 1.995229170952478, "2": 2.1075098584428757, "3": 0.8315201933034058, "4": 0.8593410071942429, "5": 2.086805808895743, "6": 2.183054672211348}}