{"sums": {"1": 18710.894000000048, "2": 8045.975999999995, "3": 2360.3769999999663, "4": 1197.719999999999, "5": 14397.832000000046, "6": 17283.769000000008}, "counts": {"1": 9722, "2": 3951, "3": 2899, "4": 1393, "5": 7122, "6": 8178}, "averages": {"1": 1.9245930878420128, "2": 2.036440394836749, "3": 0.8142038634011612, "4": 0.8598133524766682, "5": 2.0215995506880153, "6": 2.1134469307899253}}