{"sums": {"1": 19331.175000000007, "2": 8313.50900000001, "3": 2406.3119999999685, "4": 1195.3199999999977, "5": 14842.991999999958, "6": 17808.578999999965}, "counts": {"1": 9723, "2": 3956, "3": 2902, "4": 1391, "5": 7128, "6": 8177}, "averages": {"1": 1.988190373341562, "2": 2.101493680485341, "3": 0.8291909028256267, "4": 0.8593242271746928, "5": 2.0823501683501626, "6": 2.17788663323957}}