{"sums": {"1": 18808.169000000034, "2": 8085.581000000001, "3": 2362.7069999999667, "4": 1198.427999999999, "5": 14463.377000000059, "6": 17353.384000000035}, "counts": {"1": 9722, "2": 3950, "3": 2898, "4": 1394, "5": 7121, "6": 8173}, "averages": {"1": 1.9345987451141775, "2": 2.04698253164557, "3": 0.8152888198757648, "4": 0.8597044476327109, "5": 2.031087909001553, "6": 2.1232575553652313}}