{"sums": {"1": 19047.657000000127, "2": 8192.26400000002, "3": 2384.9849999999706, "4": 1196.9349999999977, "5": 14659.208000000004, "6": 17582.689999999944}, "counts": {"1": 9721, "2": 3952, "3": 2905, "4": 1393, "5": 7121, "6": 8174}, "averages": {"1": 1.9594339059767645, "2": 2.0729412955465634, "3": 0.8209931153184064, "4": 0.8592498205312259, "5": 2.0585884005055477, "6": 2.151050893075599}}