{"sums": {"1": 19280.982000000015, "2": 8311.830000000013, "3": 2395.7769999999696, "4": 1195.3199999999977, "5": 14824.558999999927, "6": 17792.388999999966}, "counts": {"1": 9723, "2": 3956, "3": 2901, "4": 1391, "5": 7127, "6": 8177}, "averages": {"1": 1.9830280777537812, "2": 2.1010692618806908, "3": 0.8258452257842018, "4": 0.8593242271746928, "5": 2.0800559842851025, "6": 2.1759066894949206}}