{"sums": {"1": 19336.656000000003, "2": 8315.817000000014, "3": 2406.6699999999687, "4": 1195.319999999998, "5": 14845.866999999964, "6": 17812.81399999997}, "counts": {"1": 9723, "2": 3956, "3": 2902, "4": 1391, "5": 7128, "6": 8177}, "averages": {"1": 1.9887540882443693, "2": 2.1020770980788708, "3": 0.8293142660234213, "4": 0.8593242271746929, "5": 2.082753507295169, "6": 2.1784045493457223}}