{"sums": {"1": 19031.61700000009, "2": 8180.182000000015, "3": 2382.4449999999692, "4": 1196.9349999999977, "5": 14651.372000000007, "6": 17568.681999999942}, "counts": {"1": 9723, "2": 3952, "3": 2904, "4": 1393, "5": 7123, "6": 8175}, "averages": {"1": 1.9573811580787914, "2": 2.0698841093117446, "3": 0.8204011707988875, "4": 0.8592498205312259, "5": 2.056910290607891, "6": 2.149074250764519}}