{"sums": {"1": 19054.912000000095, "2": 8197.358000000017, "3": 2389.7149999999706, "4": 1196.9349999999977, "5": 14677.839000000007, "6": 17605.077999999983}, "counts": {"1": 9721, "2": 3952, "3": 2910, "4": 1393, "5": 7123, "6": 8176}, "averages": {"1": 1.9601802283715766, "2": 2.074230263157899, "3": 0.8212079037800586, "4": 0.8592498205312259, "5": 2.0606260002807817, "6": 2.153262964774949}}