{"sums": {"1": 18890.806000000066, "2": 8109.484000000007, "3": 2370.887999999967, "4": 1197.2949999999983, "5": 14537.309999999992, "6": 17438.738999999998}, "counts": {"1": 9724, "2": 3951, "3": 2903, "4": 1393, "5": 7122, "6": 8176}, "averages": {"1": 1.9426990950226313, "2": 2.052514300177172, "3": 0.8167027213227582, "4": 0.8595082555635307, "5": 2.041183656276326, "6": 2.132918175146771}}