{"sums": {"1": 19049.776000000118, "2": 8193.62900000002, "3": 2385.0049999999706, "4": 1196.9349999999977, "5": 14660.027000000004, "6": 17584.047999999948}, "counts": {"1": 9721, "2": 3952, "3": 2905, "4": 1393, "5": 7121, "6": 8174}, "averages": {"1": 1.9596518876658902, "2": 2.073286690283406, "3": 0.8209999999999898, "4": 0.8592498205312259, "5": 2.0587034124420733, "6": 2.1512170296060615}}