{"sums": {"1": 19031.106000000105, "2": 8185.555000000019, "3": 2382.5749999999707, "4": 1196.9349999999977, "5": 14648.466999999993, "6": 17569.04999999994}, "counts": {"1": 9723, "2": 3952, "3": 2903, "4": 1393, "5": 7122, "6": 8174}, "averages": {"1": 1.9573286022832568, "2": 2.071243674089074, "3": 0.8207285566655084, "4": 0.8592498205312259, "5": 2.056791210334175, "6": 2.149382187423531}}