{"sums": {"1": 19006.2620000001, "2": 8168.218000000011, "3": 2381.8039999999687, "4": 1196.8429999999983, "5": 14631.348000000002, "6": 17545.694999999952}, "counts": {"1": 9722, "2": 3951, "3": 2905, "4": 1393, "5": 7121, "6": 8174}, "averages": {"1": 1.9549744908455153, "2": 2.06737990382182, "3": 0.8198981067125538, "4": 0.8591837760229708, "5": 2.054676028647662, "6": 2.1465249571813008}}