{"sums": {"1": 18857.75700000008, "2": 8092.441000000006, "3": 2369.139999999966, "4": 1198.381999999999, "5": 14513.000000000007, "6": 17406.414999999997}, "counts": {"1": 9724, "2": 3950, "3": 2903, "4": 1394, "5": 7123, "6": 8175}, "averages": {"1": 1.9393003907856934, "2": 2.0487192405063306, "3": 0.8161005856010907, "4": 0.8596714490674311, "5": 2.0374842060929392, "6": 2.129225076452599}}