{"sums": {"1": 18585.688000000075, "2": 8004.66499999999, "3": 2350.0769999999675, "4": 1198.6039999999987, "5": 14300.271999999999, "6": 17196.891999999993}, "counts": {"1": 9722, "2": 3950, "3": 2895, "4": 1394, "5": 7115, "6": 8178}, "averages": {"1": 1.9117144620448545, "2": 2.0264974683544277, "3": 0.8117709844559473, "4": 0.8598307030129115, "5": 2.0098765987350666, "6": 2.1028236732697474}}