{"sums": {"1": 19408.942999999985, "2": 8343.04800000002, "3": 2408.4699999999666, "4": 1194.4389999999976, "5": 14878.029999999966, "6": 17855.963999999985}, "counts": {"1": 9722, "2": 3956, "3": 2895, "4": 1390, "5": 7127, "6": 8176}, "averages": {"1": 1.9963940547212493, "2": 2.108960566228519, "3": 0.8319412780656189, "4": 0.8593086330935235, "5": 2.087558580047701, "6": 2.1839486301369844}}