{"sums": {"1": 19164.64400000007, "2": 8249.927000000016, "3": 2397.210999999969, "4": 1196.9999999999977, "5": 14757.71199999995, "6": 17697.440999999966}, "counts": {"1": 9722, "2": 3954, "3": 2908, "4": 1393, "5": 7127, "6": 8179}, "averages": {"1": 1.9712655832133377, "2": 2.086476226605973, "3": 0.8243504126547349, "4": 0.8592964824120587, "5": 2.0706765820120596, "6": 2.163765863797526}}