{
    "sums": {
        "1": 18239.83200000012,
        "2": 7879.3469999999725,
        "3": 2330.0809999999747,
        "4": 1195.9759999999976,
        "5": 13950.789000000053,
        "6": 16827.308999999943
    },
    "counts": {
        "1": 9728,
        "2": 3962,
        "3": 2909,
        "4": 1391,
        "5": 7118,
        "6": 8179
    },
    "averages": {
        "1": 1.87498273026317,
        "2": 1.9887296819787916,
        "3": 0.8009903746992006,
        "4": 0.8597958303378846,
        "5": 1.9599310199494315,
        "6": 2.0573797530260354
    }
}