{"sums": {"1": 18801.653000000046, "2": 8082.260000000002, "3": 2362.4169999999663, "4": 1198.427999999999, "5": 14458.520000000055, "6": 17350.514000000036}, "counts": {"1": 9722, "2": 3950, "3": 2898, "4": 1394, "5": 7121, "6": 8174}, "averages": {"1": 1.9339285126517225, "2": 2.0461417721518993, "3": 0.8151887508626523, "4": 0.8597044476327109, "5": 2.030405841876149, "6": 2.1226466846097427}}