{"sums": {"1": 18750.28700000003, "2": 8062.297999999991, "3": 2361.447999999966, "4": 1198.343999999999, "5": 14422.902000000036, "6": 17309.04300000003}, "counts": {"1": 9721, "2": 3950, "3": 2898, "4": 1394, "5": 7122, "6": 8176}, "averages": {"1": 1.9288434317457082, "2": 2.0410881012658204, "3": 0.8148543823326315, "4": 0.8596441893830695, "5": 2.0251196293176124, "6": 2.1170551614481448}}