{"sums": {"1": 19226.922000000013, "2": 8276.556000000011, "3": 2399.7529999999697, "4": 1197.3489999999977, "5": 14794.835999999937, "6": 17745.752999999982}, "counts": {"1": 9722, "2": 3951, "3": 2906, "4": 1393, "5": 7126, "6": 8175}, "averages": {"1": 1.9776714667763848, "2": 2.09480030372058, "3": 0.8257924982794115, "4": 0.859547020818376, "5": 2.076176817288793, "6": 2.170734311926603}}