{"sums": {"1": 19052.777000000136, "2": 8194.605000000021, "3": 2385.1509999999707, "4": 1196.9349999999977, "5": 14661.594000000005, "6": 17586.03199999995}, "counts": {"1": 9721, "2": 3952, "3": 2905, "4": 1393, "5": 7121, "6": 8174}, "averages": {"1": 1.9599606007612527, "2": 2.0735336538461593, "3": 0.8210502581755493, "4": 0.8592498205312259, "5": 2.058923465805365, "6": 2.1514597504281805}}