{"sums": {"1": 18641.56300000005, "2": 8018.900999999986, "3": 2354.184999999967, "4": 1198.5109999999988, "5": 14339.042999999998, "6": 17235.869999999988}, "counts": {"1": 9723, "2": 3950, "3": 2896, "4": 1394, "5": 7116, "6": 8179}, "averages": {"1": 1.9172645274092408, "2": 2.030101518987338, "3": 0.8129091850828616, "4": 0.8597639885222373, "5": 2.01504258010118, "6": 2.107332192199534}}