{"sums": {"1": 19052.28900000013, "2": 8194.41400000002, "3": 2385.1509999999707, "4": 1196.9349999999977, "5": 14661.269000000002, "6": 17585.539999999946}, "counts": {"1": 9721, "2": 3952, "3": 2905, "4": 1393, "5": 7121, "6": 8174}, "averages": {"1": 1.9599104001646057, "2": 2.073485323886645, "3": 0.8210502581755493, "4": 0.8592498205312259, "5": 2.0588778261480134, "6": 2.1513995595791466}}