{"sums": {"1": 19051.755000000132, "2": 8194.18800000002, "3": 2385.1009999999706, "4": 1196.9349999999977, "5": 14661.135000000004, "6": 17585.146999999946}, "counts": {"1": 9721, "2": 3952, "3": 2905, "4": 1393, "5": 7121, "6": 8174}, "averages": {"1": 1.9598554675445048, "2": 2.073428137651827, "3": 0.8210330464715906, "4": 0.8592498205312259, "5": 2.058859008566213, "6": 2.1513514803033944}}