{"sums": {"1": 19331.463000000003, "2": 8313.705000000009, "3": 2406.4019999999687, "4": 1195.3199999999977, "5": 14843.191999999957, "6": 17808.950999999965}, "counts": {"1": 9723, "2": 3956, "3": 2902, "4": 1391, "5": 7128, "6": 8177}, "averages": {"1": 1.9882199938290654, "2": 2.1015432254802855, "3": 0.8292219159200444, "4": 0.8593242271746928, "5": 2.0823782267115543, "6": 2.1779321266968283}}