{"sums": {"1": 19412.590999999986, "2": 8344.969000000021, "3": 2407.650999999967, "4": 1194.4599999999975, "5": 14879.031999999967, "6": 17861.377999999982}, "counts": {"1": 9722, "2": 3956, "3": 2894, "4": 1390, "5": 7127, "6": 8177}, "averages": {"1": 1.9967692861551107, "2": 2.1094461577350914, "3": 0.8319457498272174, "4": 0.8593237410071924, "5": 2.0876991721621954, "6": 2.184343646814233}}