{"sums": {"1": 18595.87000000007, "2": 8004.75699999999, "3": 2350.1669999999676, "4": 1198.6039999999987, "5": 14306.960000000006, "6": 17203.562999999995}, "counts": {"1": 9722, "2": 3950, "3": 2895, "4": 1394, "5": 7115, "6": 8178}, "averages": {"1": 1.9127617774120624, "2": 2.026520759493668, "3": 0.811802072538849, "4": 0.8598307030129115, "5": 2.0108165846802537, "6": 2.103639398385913}}