{"sums": {"1": 19330.79500000001, "2": 8313.312000000009, "3": 2406.291999999969, "4": 1195.3199999999977, "5": 14842.883999999956, "6": 17808.312999999966}, "counts": {"1": 9723, "2": 3956, "3": 2902, "4": 1391, "5": 7128, "6": 8177}, "averages": {"1": 1.9881512907538834, "2": 2.1014438827098103, "3": 0.8291840110268673, "4": 0.8593242271746928, "5": 2.0823350168350108, "6": 2.1778541029717458}}