{"sums": {"1": 18762.411000000044, "2": 8066.066999999994, "3": 2360.6199999999662, "4": 1198.407999999999, "5": 14439.614000000032, "6": 17325.954000000023}, "counts": {"1": 9720, "2": 3949, "3": 2898, "4": 1394, "5": 7121, "6": 8174}, "averages": {"1": 1.9302891975308687, "2": 2.0425593821220547, "3": 0.8145686680469173, "4": 0.8596901004304154, "5": 2.027750877685723, "6": 2.119642035723027}}