{"sums": {"1": 18809.827000000034, "2": 8086.407000000001, "3": 2362.736999999967, "4": 1198.427999999999, "5": 14464.486000000057, "6": 17355.141000000036}, "counts": {"1": 9722, "2": 3950, "3": 2898, "4": 1394, "5": 7121, "6": 8173}, "averages": {"1": 1.9347692861551156, "2": 2.0471916455696206, "3": 0.8152991718426387, "4": 0.8597044476327109, "5": 2.0312436455554077, "6": 2.123472531506183}}