{"sums": {"1": 18811.17200000004, "2": 8087.003000000002, "3": 2363.7459999999664, "4": 1198.427999999999, "5": 14466.131000000045, "6": 17356.80000000003}, "counts": {"1": 9722, "2": 3950, "3": 2899, "4": 1394, "5": 7121, "6": 8173}, "averages": {"1": 1.9349076321744536, "2": 2.0473425316455702, "3": 0.8153659882718063, "4": 0.8597044476327109, "5": 2.031474652436462, "6": 2.1236755169460455}}