{"sums": {"1": 19345.533000000003, "2": 8320.715000000015, "3": 2408.2699999999686, "4": 1195.2899999999977, "5": 14852.567999999963, "6": 17819.301999999974}, "counts": {"1": 9723, "2": 3956, "3": 2902, "4": 1391, "5": 7129, "6": 8177}, "averages": {"1": 1.9896670780623267, "2": 2.103315217391308, "3": 0.8298656099241793, "4": 0.859302659956864, "5": 2.083401318557997, "6": 2.1791979943744617}}