{"sums": {"1": 18757.641000000047, "2": 8065.674999999991, "3": 2361.2509999999666, "4": 1198.3439999999987, "5": 14432.471000000038, "6": 17318.335000000036}, "counts": {"1": 9721, "2": 3950, "3": 2899, "4": 1394, "5": 7122, "6": 8175}, "averages": {"1": 1.9295999382779598, "2": 2.0419430379746815, "3": 0.8145053466712544, "4": 0.8596441893830694, "5": 2.026463212580741, "6": 2.1184507645259982}}