{"sums": {"1": 19368.852, "2": 8331.617000000013, "3": 2406.271999999969, "4": 1195.2079999999976, "5": 14861.400999999954, "6": 17835.47400000001}, "counts": {"1": 9723, "2": 3957, "3": 2898, "4": 1391, "5": 7128, "6": 8178}, "averages": {"1": 1.9920654119099042, "2": 2.1055387920141553, "3": 0.8303216011041991, "4": 0.8592437095614648, "5": 2.0849328002244607, "6": 2.1809090242113}}