{"sums": {"1": 18675.051000000065, "2": 8033.546999999989, "3": 2357.8349999999655, "4": 1198.5609999999988, "5": 14362.685000000032, "6": 17257.71199999998}, "counts": {"1": 9723, "2": 3951, "3": 2899, "4": 1394, "5": 7118, "6": 8179}, "averages": {"1": 1.9207087318728855, "2": 2.0332946089597543, "3": 0.8133270093135445, "4": 0.8597998565279762, "5": 2.0177978364709235, "6": 2.1100026898153788}}