{"sums": {"1": 18858.48800000008, "2": 8092.756000000007, "3": 2369.1649999999663, "4": 1198.3679999999988, "5": 14513.435000000007, "6": 17407.064999999995}, "counts": {"1": 9724, "2": 3950, "3": 2903, "4": 1394, "5": 7123, "6": 8175}, "averages": {"1": 1.939375565610868, "2": 2.048798987341774, "3": 0.816109197382007, "4": 0.8596614060258241, "5": 2.037545275866911, "6": 2.129304587155963}}