{"sums": {"1": 18851.252000000073, "2": 8092.213000000007, "3": 2368.979999999966, "4": 1198.381999999999, "5": 14506.878000000008, "6": 17400.414999999994}, "counts": {"1": 9724, "2": 3950, "3": 2903, "4": 1394, "5": 7123, "6": 8175}, "averages": {"1": 1.9386314273961407, "2": 2.0486615189873434, "3": 0.8160454702032263, "4": 0.8596714490674311, "5": 2.036624736768217, "6": 2.1284911314984702}}