{"sums": {"1": 18520.437000000016, "2": 8000.151999999988, "3": 2346.6839999999675, "4": 1198.6039999999987, "5": 14251.916999999961, "6": 17154.73799999999}, "counts": {"1": 9717, "2": 3949, "3": 2891, "4": 1394, "5": 7108, "6": 8174}, "averages": {"1": 1.9059830194504492, "2": 2.025867814636614, "3": 0.8117205119335758, "4": 0.8598307030129115, "5": 2.0050530388294825, "6": 2.098695620259358}}