{"sums": {"1": 19250.87800000002, "2": 8287.022000000014, "3": 2401.629999999969, "4": 1196.453999999998, "5": 14802.62399999993, "6": 17761.231999999975}, "counts": {"1": 9723, "2": 3952, "3": 2907, "4": 1392, "5": 7124, "6": 8175}, "averages": {"1": 1.9799319140183091, "2": 2.09691852226721, "3": 0.8261541107671032, "4": 0.8595215517241365, "5": 2.0778528916339036, "6": 2.172627767584095}}