{"sums": {"1": 18596.40300000007, "2": 8004.876999999989, "3": 2350.1669999999676, "4": 1198.6039999999987, "5": 14307.293000000005, "6": 17203.932999999994}, "counts": {"1": 9722, "2": 3950, "3": 2895, "4": 1394, "5": 7115, "6": 8178}, "averages": {"1": 1.9128166015223278, "2": 2.0265511392405036, "3": 0.811802072538849, "4": 0.8598307030129115, "5": 2.01086338721012, "6": 2.1036846417216917}}