{"sums": {"1": 18990.489000000107, "2": 8164.518000000015, "3": 2382.2279999999687, "4": 1196.8029999999983, "5": 14619.312000000004, "6": 17536.935999999958}, "counts": {"1": 9722, "2": 3952, "3": 2906, "4": 1393, "5": 7121, "6": 8176}, "averages": {"1": 1.9533520880477377, "2": 2.0659205465587083, "3": 0.8197618719889775, "4": 0.8591550610193814, "5": 2.0529858165987926, "6": 2.1449285714285664}}