{"sums": {"1": 18522.18100000002, "2": 8000.514999999989, "3": 2346.6979999999676, "4": 1198.6039999999987, "5": 14253.12899999996, "6": 17155.95299999999}, "counts": {"1": 9717, "2": 3949, "3": 2891, "4": 1394, "5": 7108, "6": 8174}, "averages": {"1": 1.9061624987135966, "2": 2.0259597366421853, "3": 0.8117253545485879, "4": 0.8598307030129115, "5": 2.005223550928526, "6": 2.098844262295081}}