{"sums": {"1": 19078.339000000058, "2": 8214.708000000015, "3": 2392.7859999999696, "4": 1196.9199999999973, "5": 14694.18000000001, "6": 17624.19899999998}, "counts": {"1": 9721, "2": 3955, "3": 2911, "4": 1393, "5": 7124, "6": 8177}, "averages": {"1": 1.9625901656208269, "2": 2.077043742098613, "3": 0.8219807626245172, "4": 0.8592390524048796, "5": 2.062630544637845, "6": 2.1553380212791953}}