{"sums": {"1": 18796.30700000006, "2": 8080.371000000001, "3": 2362.3269999999666, "4": 1198.427999999999, "5": 14455.05500000005, "6": 17346.27100000003}, "counts": {"1": 9722, "2": 3950, "3": 2898, "4": 1394, "5": 7121, "6": 8174}, "averages": {"1": 1.9333786257971672, "2": 2.045663544303798, "3": 0.8151576949620313, "4": 0.8597044476327109, "5": 2.0299192529139236, "6": 2.1221275997063898}}