{"sums": {"1": 19027.726000000086, "2": 8177.445000000013, "3": 2382.154999999969, "4": 1196.8479999999981, "5": 14646.987000000008, "6": 17565.472999999944}, "counts": {"1": 9723, "2": 3952, "3": 2904, "4": 1393, "5": 7122, "6": 8175}, "averages": {"1": 1.9569809729507441, "2": 2.0691915485829995, "3": 0.8203013085399342, "4": 0.8591873653984193, "5": 2.0565834035383332, "6": 2.1486817125382194}}