{"sums": {"1": 19253.402000000016, "2": 8289.520000000017, "3": 2401.9549999999695, "4": 1195.5199999999977, "5": 14803.254999999928, "6": 17766.69699999997}, "counts": {"1": 9722, "2": 3952, "3": 2907, "4": 1391, "5": 7123, "6": 8176}, "averages": {"1": 1.9803951861756857, "2": 2.0975506072874537, "3": 0.8262659098727105, "4": 0.8594680086268854, "5": 2.0782331882633622, "6": 2.1730304549902115}}