{"sums": {"1": 19330.785000000007, "2": 8313.292000000009, "3": 2406.291999999969, "4": 1195.3199999999977, "5": 14842.873999999956, "6": 17808.292999999965}, "counts": {"1": 9723, "2": 3956, "3": 2902, "4": 1391, "5": 7128, "6": 8177}, "averages": {"1": 1.9881502622647338, "2": 2.101438827098081, "3": 0.8291840110268673, "4": 0.8593242271746928, "5": 2.082333613916941, "6": 2.177851657086947}}