{"sums": {"1": 19224.453000000027, "2": 8274.943000000012, "3": 2399.6409999999696, "4": 1197.3489999999977, "5": 14793.139999999934, "6": 17743.125999999986}, "counts": {"1": 9722, "2": 3951, "3": 2906, "4": 1393, "5": 7126, "6": 8175}, "averages": {"1": 1.97741750668587, "2": 2.094392052644903, "3": 0.8257539573296523, "4": 0.859547020818376, "5": 2.075938815604818, "6": 2.1704129663608547}}