{"sums": {"1": 18585.429000000076, "2": 8004.66499999999, "3": 2350.076999999968, "4": 1198.6039999999987, "5": 14300.017999999998, "6": 17196.61699999999}, "counts": {"1": 9722, "2": 3950, "3": 2895, "4": 1394, "5": 7115, "6": 8178}, "averages": {"1": 1.9116878214359263, "2": 2.0264974683544277, "3": 0.8117709844559474, "4": 0.8598307030129115, "5": 2.0098408995080814, "6": 2.1027900464661275}}