{"sums": {"1": 19043.831000000122, "2": 8187.916000000019, "3": 2384.9389999999703, "4": 1196.9349999999977, "5": 14657.828999999996, "6": 17580.086999999945}, "counts": {"1": 9722, "2": 3952, "3": 2904, "4": 1393, "5": 7122, "6": 8174}, "averages": {"1": 1.9588388191730222, "2": 2.071841093117414, "3": 0.8212599862258851, "4": 0.8592498205312259, "5": 2.058105728727885, "6": 2.150732444335692}}