{"sums": {"1": 19074.758000000067, "2": 8210.727000000015, "3": 2392.5829999999696, "4": 1196.9199999999976, "5": 14691.919000000004, "6": 17621.78199999999}, "counts": {"1": 9721, "2": 3954, "3": 2911, "4": 1393, "5": 7124, "6": 8177}, "averages": {"1": 1.9622217878819121, "2": 2.076562215478001, "3": 0.82191102713843, "4": 0.8592390524048799, "5": 2.0623131667602475, "6": 2.155042436101258}}