{"sums": {"1": 18992.9830000001, "2": 8165.8440000000155, "3": 2382.2779999999684, "4": 1196.8129999999983, "5": 14622.878000000006, "6": 17538.845999999958}, "counts": {"1": 9722, "2": 3952, "3": 2906, "4": 1393, "5": 7122, "6": 8176}, "averages": {"1": 1.9536086196256015, "2": 2.0662560728744976, "3": 0.8197790777701199, "4": 0.8591622397702787, "5": 2.053198258916036, "6": 2.145162181996081}}