{"sums": {"1": 19212.01300000003, "2": 8271.349000000011, "3": 2398.707999999969, "4": 1197.2209999999975, "5": 14784.903999999937, "6": 17732.50699999997}, "counts": {"1": 9721, "2": 3952, "3": 2906, "4": 1393, "5": 7125, "6": 8175}, "averages": {"1": 1.976341220039094, "2": 2.0929526821862376, "3": 0.8254328974535338, "4": 0.8594551328068898, "5": 2.0750742456140263, "6": 2.169114006116204}}