{"sums": {"1": 18619.771000000044, "2": 8013.930999999989, "3": 2351.260999999967, "4": 1198.5369999999987, "5": 14322.545000000002, "6": 17220.004999999986}, "counts": {"1": 9723, "2": 3951, "3": 2895, "4": 1394, "5": 7115, "6": 8178}, "averages": {"1": 1.9150232438547818, "2": 2.028329789926598, "3": 0.8121799654576743, "4": 0.8597826398852214, "5": 2.013007027406887, "6": 2.105649914404498}}