{"sums": {"1": 19054.4230000001, "2": 8197.191000000015, "3": 2389.7169999999705, "4": 1196.9349999999977, "5": 14675.252000000006, "6": 17602.093999999975}, "counts": {"1": 9721, "2": 3952, "3": 2910, "4": 1393, "5": 7123, "6": 8176}, "averages": {"1": 1.9601299249048556, "2": 2.0741880060728786, "3": 0.821208591065282, "4": 0.8592498205312259, "5": 2.0602628106135064, "6": 2.1528979941291557}}