{"sums": {"1": 19189.23200000006, "2": 8262.428000000014, "3": 2399.05499999997, "4": 1197.1729999999975, "5": 14773.33599999995, "6": 17714.181999999968}, "counts": {"1": 9722, "2": 3954, "3": 2907, "4": 1393, "5": 7127, "6": 8177}, "averages": {"1": 1.9737946924501195, "2": 2.089637835103696, "3": 0.8252683178534468, "4": 0.8594206748025826, "5": 2.07286880875543, "6": 2.1663424238718316}}